outcome_id,reason_code,is_primary,user_confirmed,created_at
974bbdae-7920-5a02-a026-b319cc5ed441,low_readiness,True,True,2025-01-01T14:12:00+00:00
974bbdae-7920-5a02-a026-b319cc5ed441,interruption,False,True,2025-01-01T14:13:00+00:00
30ca621c-d4a2-5755-bc39-a8e73c70817b,unexpected_event,True,True,2025-01-02T21:57:00+00:00
30ca621c-d4a2-5755-bc39-a8e73c70817b,interruption,False,True,2025-01-02T21:58:00+00:00
220eb623-3e9d-578e-86eb-04baae2fc9f4,other,True,True,2025-01-04T02:32:00+00:00
d679908c-df43-52ab-8599-565084bc049b,low_readiness,True,True,2025-01-04T14:04:00+00:00
d679908c-df43-52ab-8599-565084bc049b,interruption,False,True,2025-01-04T14:05:00+00:00
44fc2f1c-5339-511b-975a-e592f0ab68c2,low_readiness,True,True,2025-01-05T06:15:00+00:00
44fc2f1c-5339-511b-975a-e592f0ab68c2,interruption,False,True,2025-01-05T06:16:00+00:00
71ae2ab9-be9b-5944-90f2-252664519759,unclear_plan,True,True,2025-01-05T22:58:00+00:00
a8d2e0a9-f32e-5267-9572-0ae8f722f926,low_readiness,True,True,2025-01-07T22:18:00+00:00
5bf2d62b-48af-5113-acf8-6da568fbef31,low_readiness,True,True,2025-01-09T10:44:00+00:00
d5afd368-7590-5ffe-b847-25d8bd358803,schedule_overload,True,True,2025-01-10T00:20:00+00:00
d5afd368-7590-5ffe-b847-25d8bd358803,interruption,False,True,2025-01-10T00:21:00+00:00
6945120d-f841-5250-a8a5-807023bcb281,interruption,True,True,2025-01-11T03:12:00+00:00
0e34255d-8a91-5301-af65-84a046f434b6,task_too_difficult,True,True,2025-01-11T20:51:00+00:00
0a16dd73-9bff-52ff-8e31-c3aa8f76d462,task_too_difficult,True,True,2025-01-13T02:42:00+00:00
0a16dd73-9bff-52ff-8e31-c3aa8f76d462,interruption,False,True,2025-01-13T02:43:00+00:00
d6f16079-4c2e-5f95-8060-39852425a203,interruption,True,True,2025-01-13T12:57:00+00:00
37177556-cd31-5ec1-9557-4ac4cb551b5c,task_too_difficult,True,True,2025-01-14T13:51:00+00:00
37177556-cd31-5ec1-9557-4ac4cb551b5c,interruption,False,True,2025-01-14T13:52:00+00:00
1c676e17-a25c-5d24-8e9a-4348418ba989,interruption,True,True,2025-01-15T08:24:00+00:00
83fa1c1e-434b-5df0-bebe-d2cf3d0091db,underestimated_time,True,True,2025-01-17T06:23:00+00:00
d7677b52-bc87-5732-a326-7344d426b39b,task_too_difficult,True,True,2025-01-17T14:25:00+00:00
d7677b52-bc87-5732-a326-7344d426b39b,interruption,False,True,2025-01-17T14:26:00+00:00
cc6f85cd-61ec-5958-a51b-8588f9a057b3,task_too_difficult,True,True,2025-01-18T19:00:00+00:00
6ff0419a-83bf-5ca5-a5ca-2330b6064b30,task_too_difficult,True,True,2025-01-19T19:37:00+00:00
6ff0419a-83bf-5ca5-a5ca-2330b6064b30,interruption,False,True,2025-01-19T19:38:00+00:00
eb97e932-1dd5-5162-a9f9-7bacd637276f,low_readiness,True,True,2025-01-20T07:13:00+00:00
eb97e932-1dd5-5162-a9f9-7bacd637276f,interruption,False,True,2025-01-20T07:14:00+00:00
63c44961-3caf-57ff-9c97-0c3eeb1d29fd,interruption,True,True,2025-01-20T13:23:00+00:00
aeecb7c0-7d5b-5dc8-905d-e1cf6269caf4,low_readiness,True,True,2025-01-21T18:55:00+00:00
aeecb7c0-7d5b-5dc8-905d-e1cf6269caf4,interruption,False,True,2025-01-21T18:56:00+00:00
66eeb447-601f-5ef2-98f6-44052a295a7c,low_readiness,True,True,2025-01-23T04:45:00+00:00
66eeb447-601f-5ef2-98f6-44052a295a7c,interruption,False,True,2025-01-23T04:46:00+00:00
c424798a-ff88-50f9-8195-344856fd33b5,other,True,True,2025-01-24T08:44:00+00:00
5a2a7108-d45c-513f-bffb-6786e8073ebb,low_readiness,True,True,2025-01-24T18:00:00+00:00
e936931e-e32e-554d-8d80-c28bdfc73f65,low_readiness,True,True,2025-01-27T10:47:00+00:00
e936931e-e32e-554d-8d80-c28bdfc73f65,interruption,False,True,2025-01-27T10:48:00+00:00
a6e7610a-d080-57d8-a8c2-4cb64744bf10,task_too_difficult,True,True,2025-01-28T02:22:00+00:00
a6e7610a-d080-57d8-a8c2-4cb64744bf10,interruption,False,True,2025-01-28T02:23:00+00:00
61909737-7927-56be-b1cd-dab8df81eee3,interruption,True,True,2025-01-28T09:48:00+00:00
885ab6f5-5f62-546c-8f13-3c725ba7d9a0,low_readiness,True,True,2025-01-29T02:31:00+00:00
be03c81b-f68b-528d-b05e-9387ba150a25,low_readiness,True,True,2025-01-31T00:44:00+00:00
005df164-f0ee-5d38-85df-2a6c76a5eb82,task_too_difficult,True,True,2025-01-31T09:04:00+00:00
7764d9be-8656-569c-9b4b-7067e4fee826,low_readiness,True,True,2025-02-01T06:24:00+00:00
26b6d383-b1ce-56e8-95d3-d894ad71e23e,unclear_plan,True,True,2025-02-01T15:48:00+00:00
26b6d383-b1ce-56e8-95d3-d894ad71e23e,interruption,False,True,2025-02-01T15:49:00+00:00
edb7d11d-ce55-5a95-b878-b5a18c513360,low_readiness,True,True,2025-02-03T02:39:00+00:00
edb7d11d-ce55-5a95-b878-b5a18c513360,interruption,False,True,2025-02-03T02:40:00+00:00
7b54c8f4-d7c8-5db0-b3c4-d65dd496a081,interruption,True,True,2025-02-03T12:25:00+00:00
cb08487c-8692-5439-99a5-a6a15c138947,unclear_plan,True,True,2025-02-04T16:26:00+00:00
1df089c6-2703-5e1c-a90f-fb4fbacb6457,low_readiness,True,True,2025-02-04T22:14:00+00:00
7b2990f2-2502-5a1e-9a3a-c570fc1c6bde,interruption,True,True,2025-02-05T14:59:00+00:00
11052cf9-9e87-5bd0-98e1-b4d3e0f498e9,task_too_difficult,True,True,2025-02-06T05:31:00+00:00
41130ab2-4834-5360-ab43-1e6020b9cc8d,low_readiness,True,True,2025-02-07T14:44:00+00:00
41130ab2-4834-5360-ab43-1e6020b9cc8d,interruption,False,True,2025-02-07T14:45:00+00:00
d8e8c322-f96b-593c-8cf0-fd5c46e08c02,schedule_overload,True,True,2025-02-08T09:17:00+00:00
bf946ad1-cc10-5b3b-b04c-965ec40a5e97,schedule_overload,True,True,2025-02-08T20:21:00+00:00
bf946ad1-cc10-5b3b-b04c-965ec40a5e97,interruption,False,True,2025-02-08T20:22:00+00:00
33d840fc-5838-59ac-a05d-7ddd8ad5525d,low_readiness,True,True,2025-02-11T17:05:00+00:00
33d840fc-5838-59ac-a05d-7ddd8ad5525d,interruption,False,True,2025-02-11T17:06:00+00:00
752a70e4-4c61-59cc-ad31-a61001b4f64c,low_readiness,True,True,2025-02-12T02:44:00+00:00
752a70e4-4c61-59cc-ad31-a61001b4f64c,interruption,False,True,2025-02-12T02:45:00+00:00
3be347c6-b601-5f33-ac81-0617fcce9b75,low_readiness,True,True,2025-02-12T12:00:00+00:00
59da949e-fce3-5d60-b77a-ebac17ee91d7,underestimated_time,True,True,2025-02-13T08:28:00+00:00
131642cd-e3d6-5cdc-8de2-2484cadfa5fa,schedule_overload,True,True,2025-02-13T22:35:00+00:00
131642cd-e3d6-5cdc-8de2-2484cadfa5fa,interruption,False,True,2025-02-13T22:36:00+00:00
cd209dd7-b942-515c-9a62-aa9fcf6b4fc6,low_readiness,True,True,2025-02-14T18:44:00+00:00
7441109b-af18-5fdc-852f-fc28fe5ae98f,low_readiness,True,True,2025-02-15T12:06:00+00:00
7441109b-af18-5fdc-852f-fc28fe5ae98f,interruption,False,True,2025-02-15T12:07:00+00:00
51674897-4f6e-52e2-9924-01a5ea6a6619,interruption,True,True,2025-02-16T16:50:00+00:00
438f41ce-9c93-5313-b4c7-f8632d222e88,schedule_overload,True,True,2025-02-17T01:51:00+00:00
438f41ce-9c93-5313-b4c7-f8632d222e88,interruption,False,True,2025-02-17T01:52:00+00:00
b722348a-aa28-5a21-a7f7-ca778ffba74f,unclear_plan,True,True,2025-02-17T20:01:00+00:00
cb2d266e-aeb9-5e4d-b2bf-371c7b7afb8d,low_readiness,True,True,2025-02-18T12:32:00+00:00
67a2f4b4-d22c-507e-9e4b-6475d055db3b,schedule_overload,True,True,2025-02-19T03:31:00+00:00
67a2f4b4-d22c-507e-9e4b-6475d055db3b,interruption,False,True,2025-02-19T03:32:00+00:00
0b4f4e6f-fb92-5add-84fe-18e046ff4bc7,task_too_difficult,True,True,2025-02-21T01:50:00+00:00
fe7b8b18-b9c4-549a-afe4-b610252330ce,low_readiness,True,True,2025-02-22T02:40:00+00:00
fe7b8b18-b9c4-549a-afe4-b610252330ce,interruption,False,True,2025-02-22T02:41:00+00:00
f87287e4-0cab-50d1-9f10-67ecf0f405f5,interruption,True,True,2025-02-23T00:48:00+00:00
255d3718-4dca-501a-aeb0-be6b11f4233a,low_readiness,True,True,2025-02-24T10:02:00+00:00
d70bc3a0-c962-5508-b7d2-67dccf6fdacd,low_readiness,True,True,2025-02-24T19:27:00+00:00
d70bc3a0-c962-5508-b7d2-67dccf6fdacd,interruption,False,True,2025-02-24T19:28:00+00:00
aed8f546-dce3-5458-8611-669e1869b01e,interruption,True,True,2025-02-25T05:05:00+00:00
60a592e6-2823-5ceb-a925-7e12535e5715,low_readiness,True,True,2025-02-25T14:59:00+00:00
60a592e6-2823-5ceb-a925-7e12535e5715,interruption,False,True,2025-02-25T15:00:00+00:00
8de6bb29-e23a-5a22-b811-67e3759e7141,low_readiness,True,True,2025-02-27T11:07:00+00:00
8de6bb29-e23a-5a22-b811-67e3759e7141,interruption,False,True,2025-02-27T11:08:00+00:00
82ece739-aafa-57f3-8ddc-84b005c64b7a,low_readiness,True,True,2025-02-28T14:19:00+00:00
82ece739-aafa-57f3-8ddc-84b005c64b7a,interruption,False,True,2025-02-28T14:20:00+00:00
e9e1f868-25c2-56f6-9fd0-b18340baa8b8,unexpected_event,True,True,2025-03-01T00:03:00+00:00
e9e1f868-25c2-56f6-9fd0-b18340baa8b8,interruption,False,True,2025-03-01T00:04:00+00:00
80e11c35-33dd-561b-b0ae-0e84d498cc88,low_readiness,True,True,2025-03-01T09:44:00+00:00
80e11c35-33dd-561b-b0ae-0e84d498cc88,interruption,False,True,2025-03-01T09:45:00+00:00
1ae64732-706d-53ee-af71-dc0f69be3040,low_readiness,True,True,2025-03-03T23:56:00+00:00
83fc187a-7b18-523e-bf52-a5798084f2a7,unclear_plan,True,True,2025-03-05T03:09:00+00:00
83fc187a-7b18-523e-bf52-a5798084f2a7,interruption,False,True,2025-03-05T03:10:00+00:00
75ef563c-6e05-5e0c-b942-e1193f8fdce9,low_readiness,True,True,2025-03-06T15:00:00+00:00
624ca618-6ec6-5e43-90f3-ff6b8283560a,interruption,True,True,2025-03-07T17:07:00+00:00
dd33021c-bd2b-5843-9967-31a062bbf863,low_readiness,True,True,2025-03-09T12:40:00+00:00
592c0cbb-aa2e-5349-97da-770619b3da22,low_readiness,True,True,2025-03-10T02:25:00+00:00
592c0cbb-aa2e-5349-97da-770619b3da22,interruption,False,True,2025-03-10T02:26:00+00:00
f1da47b2-a815-5739-85c4-19b5e5ba77e7,low_readiness,True,True,2025-03-13T09:40:00+00:00
e6008c7a-74ba-51f1-a5fd-413d6ea927ca,low_readiness,True,True,2025-03-13T18:55:00+00:00
e6008c7a-74ba-51f1-a5fd-413d6ea927ca,interruption,False,True,2025-03-13T18:56:00+00:00
748b5672-2a4d-577c-9539-2ef45e715a73,interruption,True,True,2025-03-15T07:44:00+00:00
0c7a56a0-21fb-5db1-a4b1-2dfeeb15ae79,schedule_overload,True,True,2025-03-16T18:27:00+00:00
0c7a56a0-21fb-5db1-a4b1-2dfeeb15ae79,interruption,False,True,2025-03-16T18:28:00+00:00
92b86652-e71a-5708-884a-8d286266eb03,low_readiness,True,True,2025-03-17T13:27:00+00:00
92b86652-e71a-5708-884a-8d286266eb03,interruption,False,True,2025-03-17T13:28:00+00:00
06c49fc6-1f74-5776-96d0-7f57aec6f39b,task_too_difficult,True,True,2025-03-17T20:48:00+00:00
06c49fc6-1f74-5776-96d0-7f57aec6f39b,interruption,False,True,2025-03-17T20:49:00+00:00
ae6f8c78-c5f5-5a2c-b3b0-3ae3331bfa46,interruption,True,True,2025-03-18T07:40:00+00:00
ef5de020-888d-504e-929b-1ec5d5da1e2c,low_readiness,True,True,2025-03-18T13:57:00+00:00
59ef03d9-5ace-52a7-b80b-52d2f9dad3e5,underestimated_time,True,True,2025-03-20T00:42:00+00:00
59ef03d9-5ace-52a7-b80b-52d2f9dad3e5,interruption,False,True,2025-03-20T00:43:00+00:00
10ff444e-b8e8-5382-9003-0157d18742e0,low_readiness,True,True,2025-03-21T15:29:00+00:00
10ff444e-b8e8-5382-9003-0157d18742e0,interruption,False,True,2025-03-21T15:30:00+00:00
18b0b7e0-1ab1-543b-a1c4-81a16a34679a,schedule_overload,True,True,2025-03-22T17:26:00+00:00
9e60b15d-9e7d-5234-84b4-38e5dd5e8209,low_readiness,True,True,2025-03-26T02:35:00+00:00
351d01b8-759d-531f-88c6-8e5d22061262,low_readiness,True,True,2025-03-26T11:43:00+00:00
4149b9f9-eea5-5930-a26d-3065d9ec85ad,low_readiness,True,True,2025-03-26T20:58:00+00:00
4149b9f9-eea5-5930-a26d-3065d9ec85ad,interruption,False,True,2025-03-26T20:59:00+00:00
9e31894c-aeee-5ff6-b9e6-b8e140b8c289,task_too_difficult,True,True,2025-03-27T03:15:00+00:00
9e31894c-aeee-5ff6-b9e6-b8e140b8c289,interruption,False,True,2025-03-27T03:16:00+00:00
04cba6f0-3d1c-5311-95a8-9eef035819e3,interruption,True,True,2025-03-30T15:50:00+00:00
ba2d14c0-93af-51cb-91a4-fed1fcea74a8,low_readiness,True,True,2025-04-01T01:49:00+00:00
a032ed74-eadb-5282-82f2-4e029995fbd4,underestimated_time,True,True,2025-04-02T12:00:00+00:00
a032ed74-eadb-5282-82f2-4e029995fbd4,interruption,False,True,2025-04-02T12:01:00+00:00
1750fd41-a390-5b73-844a-daacaaa8edd5,low_readiness,True,True,2025-04-04T00:32:00+00:00
942052d3-3ff5-5347-87a5-5e37528728a1,low_readiness,True,True,2025-04-04T10:53:00+00:00
88acccdf-bb74-57ff-b238-bca8086288ae,low_readiness,True,True,2025-04-05T13:42:00+00:00
88acccdf-bb74-57ff-b238-bca8086288ae,interruption,False,True,2025-04-05T13:43:00+00:00
257cc395-fc5f-5392-aecd-9bc596b104a1,low_readiness,True,True,2025-04-06T16:59:00+00:00
257cc395-fc5f-5392-aecd-9bc596b104a1,interruption,False,True,2025-04-06T17:00:00+00:00
413749f5-2ea9-5ebe-b6e9-edd79de15965,low_readiness,True,True,2025-04-07T20:44:00+00:00
35f7ff28-b920-5b44-addc-d50fac2b76c8,interruption,True,True,2025-04-08T08:30:00+00:00
b985e435-044d-5d24-957a-ad4eb2f23a2c,low_readiness,True,True,2025-04-09T07:51:00+00:00
45bdded1-6e23-5629-95a4-8580c1a2ef54,low_readiness,True,True,2025-04-09T19:30:00+00:00
45bdded1-6e23-5629-95a4-8580c1a2ef54,interruption,False,True,2025-04-09T19:31:00+00:00
63040557-058f-5bc7-8323-2f8f2c51b1a9,schedule_overload,True,True,2025-04-11T06:28:00+00:00
95ee57b1-4c1c-5a99-8fe3-c9279faf76e3,interruption,True,True,2025-04-11T23:43:00+00:00
1b0c52fa-71fb-5591-9cfa-319494e4a980,interruption,True,True,2025-04-12T08:22:00+00:00
b43bcd1c-e049-53ea-a1a2-f0f9e41d9900,low_readiness,True,True,2025-04-12T19:54:00+00:00
d2e1203b-7cc2-584f-ac11-083980572549,task_too_difficult,True,True,2025-04-13T02:05:00+00:00
52bcff6b-1fd6-55e3-8dac-2ce71c67a15a,task_too_difficult,True,True,2025-04-15T00:33:00+00:00
52bcff6b-1fd6-55e3-8dac-2ce71c67a15a,interruption,False,True,2025-04-15T00:34:00+00:00
3da63544-0ddf-5b2f-924f-22899f20cec6,low_readiness,True,True,2025-04-18T17:49:00+00:00
3da63544-0ddf-5b2f-924f-22899f20cec6,interruption,False,True,2025-04-18T17:50:00+00:00
144fa582-f6a5-5102-9d77-76be234e7394,low_readiness,True,True,2025-04-19T01:19:00+00:00
144fa582-f6a5-5102-9d77-76be234e7394,interruption,False,True,2025-04-19T01:20:00+00:00
1e3e0c46-f09a-536c-9ec3-d9eef3b23198,low_readiness,True,True,2025-04-19T18:23:00+00:00
3f59cbf8-9772-5343-a04c-e73768042d0b,low_readiness,True,True,2025-04-20T12:41:00+00:00
26863172-78b8-5900-b401-f5b32620196a,low_readiness,True,True,2025-04-21T18:12:00+00:00
d76a8f76-c21a-5277-971a-3feabd6c6bac,low_readiness,True,True,2025-04-22T02:27:00+00:00
d76a8f76-c21a-5277-971a-3feabd6c6bac,interruption,False,True,2025-04-22T02:28:00+00:00
cd1186dd-6f9a-50dc-9304-387654e46bdd,unclear_plan,True,True,2025-04-23T15:27:00+00:00
d9559bc3-ffc5-51cc-bee5-458058c9c967,low_readiness,True,True,2025-04-23T23:22:00+00:00
238c8032-24d3-5028-b772-82ed03570a31,low_readiness,True,True,2025-04-25T09:15:00+00:00
ddf72da0-a443-5a85-8306-3ccc59c1f6c9,low_readiness,True,True,2025-04-26T04:30:00+00:00
59ef5cdc-ea8a-5f43-8aa3-366bfddff27b,low_readiness,True,True,2025-04-27T11:28:00+00:00
59ef5cdc-ea8a-5f43-8aa3-366bfddff27b,interruption,False,True,2025-04-27T11:29:00+00:00
698a5733-eb31-5e22-8493-8fc4ea61cdb8,schedule_overload,True,True,2025-04-27T17:49:00+00:00
6da75321-8ebe-504e-bacf-d913e0983766,low_readiness,True,True,2025-04-29T04:54:00+00:00
6da75321-8ebe-504e-bacf-d913e0983766,interruption,False,True,2025-04-29T04:55:00+00:00
a996d78b-0176-5d61-9ed5-e0957b0a1867,interruption,True,True,2025-04-30T16:02:00+00:00
05559dda-5db3-5c82-98b4-21184bf4f3bf,interruption,True,True,2025-05-01T03:08:00+00:00
86322c45-8471-5f1e-854b-fb6272f308b9,low_readiness,True,True,2025-05-02T12:09:00+00:00
7a655fde-3048-5079-82a6-dd77114c3ca8,interruption,True,True,2025-05-04T01:00:00+00:00
b7624827-a13e-500d-a6fd-456f4fe8defd,schedule_overload,True,True,2025-05-04T09:49:00+00:00
b7624827-a13e-500d-a6fd-456f4fe8defd,interruption,False,True,2025-05-04T09:50:00+00:00
32c8a9e3-41bf-59fb-8015-156a8de63d8a,low_readiness,True,True,2025-05-04T19:54:00+00:00
32c8a9e3-41bf-59fb-8015-156a8de63d8a,interruption,False,True,2025-05-04T19:55:00+00:00
c7e881a1-5e5f-5603-83e6-ca5b18fe7af2,schedule_overload,True,True,2025-05-05T05:02:00+00:00
4785fa81-4123-56c9-8661-1a60c7c2595d,low_readiness,True,True,2025-05-06T17:27:00+00:00
10b4f94e-1247-50f5-8c59-df4ba97b9023,low_readiness,True,True,2025-05-07T02:45:00+00:00
1d6a628d-78bc-5835-aa66-e5204226f25d,low_readiness,True,True,2025-05-07T13:05:00+00:00
0502e8e9-1ef4-5833-8344-cd2ff1ccf402,interruption,True,True,2025-05-07T20:31:00+00:00
65e2f164-5543-51c3-bac0-0c523d5cadff,schedule_overload,True,True,2025-05-09T10:28:00+00:00
f78c58bf-6ef3-5986-8fbd-92b9c4ceb00e,unclear_plan,True,True,2025-05-09T18:02:00+00:00
7666a38a-1810-59ea-8bb6-a116bb93bfac,interruption,True,True,2025-05-10T13:12:00+00:00
ce573ccd-8cb5-5103-9e07-855c8e3b292c,low_readiness,True,True,2025-05-10T22:24:00+00:00
ce573ccd-8cb5-5103-9e07-855c8e3b292c,interruption,False,True,2025-05-10T22:25:00+00:00
456d6100-0182-59c8-b2f1-272d3b21c439,low_readiness,True,True,2025-05-11T05:46:00+00:00
66f11bac-8980-5597-b103-7d7d3623426b,underestimated_time,True,True,2025-05-12T00:09:00+00:00
9cc7c5a2-8432-5c54-854b-65b8aee87cc4,task_too_difficult,True,True,2025-05-14T12:19:00+00:00
0bdba2c9-bb43-5668-b150-b237232c5c7c,interruption,True,True,2025-05-14T22:21:00+00:00
dbd458be-9908-5b26-acd5-88d0d0d88ab7,low_readiness,True,True,2025-05-15T06:24:00+00:00
dbd458be-9908-5b26-acd5-88d0d0d88ab7,interruption,False,True,2025-05-15T06:25:00+00:00
109a10f7-f9fd-5d28-9eb2-22c6023b3c1c,unclear_plan,True,True,2025-05-16T19:49:00+00:00
51bc3a2e-c25c-5eab-b198-47a5cf38df63,unclear_plan,True,True,2025-05-17T15:03:00+00:00
0b62f64a-3621-5e13-94d0-3cc916127ac1,task_too_difficult,True,True,2025-05-18T07:05:00+00:00
7da8a45c-373c-524a-a748-a2e2ec35336a,interruption,True,True,2025-05-18T16:52:00+00:00
37c3bd36-03f5-5e1e-ad29-4df14a39eaa1,underestimated_time,True,True,2025-05-19T09:21:00+00:00
26169e5c-b42a-5dcb-b3b7-58cacd6c5968,schedule_overload,True,True,2025-05-20T14:54:00+00:00
26169e5c-b42a-5dcb-b3b7-58cacd6c5968,interruption,False,True,2025-05-20T14:55:00+00:00
375ab666-ea4f-59fe-8fc0-97ff5516d07a,unclear_plan,True,True,2025-05-20T22:54:00+00:00
88cdcdbd-e7f7-52fa-8af8-f80f4d214b83,low_readiness,True,True,2025-05-21T08:04:00+00:00
88cdcdbd-e7f7-52fa-8af8-f80f4d214b83,interruption,False,True,2025-05-21T08:05:00+00:00
c3ec06b8-1dad-5d5d-bd1e-a5adf86e2679,schedule_overload,True,True,2025-05-22T03:02:00+00:00
45c5ddba-8763-57ac-9c5e-7adb704ff9fc,low_readiness,True,True,2025-05-23T14:20:00+00:00
bbd6dbd6-693b-5f3a-a470-aa2ebe4a501d,interruption,True,True,2025-05-24T18:47:00+00:00
e7b35c07-a27e-51c9-a83a-1b2db1f0c316,low_readiness,True,True,2025-05-25T17:21:00+00:00
1496412f-041e-5463-8639-8f67be42a821,schedule_overload,True,True,2025-05-26T14:29:00+00:00
1496412f-041e-5463-8639-8f67be42a821,interruption,False,True,2025-05-26T14:30:00+00:00
af292842-6d08-53be-b67f-10b32586c6b1,low_readiness,True,True,2025-05-27T09:05:00+00:00
423792f4-6b1e-592f-8b82-1997cf07f983,unclear_plan,True,True,2025-05-31T09:26:00+00:00
423792f4-6b1e-592f-8b82-1997cf07f983,interruption,False,True,2025-05-31T09:27:00+00:00
7f11b436-8cea-5e43-8b55-cbb6123b6f64,low_readiness,True,True,2025-06-01T05:28:00+00:00
7f11b436-8cea-5e43-8b55-cbb6123b6f64,interruption,False,True,2025-06-01T05:29:00+00:00
6e879a43-6fa0-5e57-a231-0be6eee553a8,underestimated_time,True,True,2025-06-02T17:24:00+00:00
6e879a43-6fa0-5e57-a231-0be6eee553a8,interruption,False,True,2025-06-02T17:25:00+00:00
565d1450-121b-57d1-b7b6-6a81e23f8394,interruption,True,True,2025-06-04T21:18:00+00:00
99098f30-8374-5f33-b1fb-7b97b4a77c3a,low_readiness,True,True,2025-06-07T14:25:00+00:00
99098f30-8374-5f33-b1fb-7b97b4a77c3a,interruption,False,True,2025-06-07T14:26:00+00:00
4acfbb3f-4500-5cfc-a923-4b55db3cc929,low_readiness,True,True,2025-06-10T13:57:00+00:00
827dcd83-f621-5268-ac33-e70ec2d7e572,interruption,True,True,2025-06-13T08:04:00+00:00
07f048de-0977-56b7-b973-27d919d3a05e,schedule_overload,True,True,2025-06-14T15:22:00+00:00
f259d754-62e8-5b0f-b017-4478d05403a1,unexpected_event,True,True,2025-06-15T03:18:00+00:00
e46f8323-dd24-568a-a0ef-cb4c48d5e37f,low_readiness,True,True,2025-06-15T22:16:00+00:00
1f347b80-ac21-5b79-8a9e-2d5328c1cda1,low_readiness,True,True,2025-06-16T22:21:00+00:00
e6df1411-b2ee-50e2-91ee-9d321abbbf9b,low_readiness,True,True,2025-06-18T18:24:00+00:00
e6df1411-b2ee-50e2-91ee-9d321abbbf9b,interruption,False,True,2025-06-18T18:25:00+00:00
7724f8ec-5bd7-5d2c-a311-f6d14d51f21a,schedule_overload,True,True,2025-06-20T07:56:00+00:00
7724f8ec-5bd7-5d2c-a311-f6d14d51f21a,interruption,False,True,2025-06-20T07:57:00+00:00
82b21724-3857-5cf0-a705-1c8bc3235784,schedule_overload,True,True,2025-06-22T05:47:00+00:00
d7a152f6-19c0-5a9f-94d0-5ae47f12a123,task_too_difficult,True,True,2025-06-23T00:25:00+00:00
d7a152f6-19c0-5a9f-94d0-5ae47f12a123,interruption,False,True,2025-06-23T00:26:00+00:00
730f6480-f3c4-5363-a67c-b40e7725a032,low_readiness,True,True,2025-06-23T14:40:00+00:00
eafd5e1f-1037-59ef-96ce-de5e0f72a4ea,underestimated_time,True,True,2025-06-24T08:29:00+00:00
eafd5e1f-1037-59ef-96ce-de5e0f72a4ea,interruption,False,True,2025-06-24T08:30:00+00:00
62b88e57-f33a-5b33-bcd4-b7afecec8e85,schedule_overload,True,True,2025-06-24T22:06:00+00:00
62b88e57-f33a-5b33-bcd4-b7afecec8e85,interruption,False,True,2025-06-24T22:07:00+00:00
c34b853e-f60f-5e9f-83b6-953799124b72,unclear_plan,True,True,2025-06-25T06:58:00+00:00
b681b73b-63f5-5140-ba3b-e4949c7d76c9,low_readiness,True,True,2025-06-27T05:20:00+00:00
14d552cd-1259-5e1f-87e6-489320141674,schedule_overload,True,True,2025-06-27T21:52:00+00:00
14d552cd-1259-5e1f-87e6-489320141674,interruption,False,True,2025-06-27T21:53:00+00:00
ea468daa-99a2-5810-9689-ad6317313464,unclear_plan,True,True,2025-06-28T06:22:00+00:00
fd90d079-ef8d-5d49-bacf-c26d136eee09,schedule_overload,True,True,2025-06-28T15:13:00+00:00
fd90d079-ef8d-5d49-bacf-c26d136eee09,interruption,False,True,2025-06-28T15:14:00+00:00
127bc78b-d51a-5804-8836-f725c769eb41,unexpected_event,True,True,2025-06-28T21:30:00+00:00
127bc78b-d51a-5804-8836-f725c769eb41,interruption,False,True,2025-06-28T21:31:00+00:00
1bff5915-e4ab-5d9b-ad66-11a36813bf0e,unclear_plan,True,True,2025-07-02T16:09:00+00:00
4d779cc9-17f9-5ad1-ac42-d10f15e08997,low_readiness,True,True,2025-07-03T14:05:00+00:00
4d779cc9-17f9-5ad1-ac42-d10f15e08997,interruption,False,True,2025-07-03T14:06:00+00:00
ebcd1a35-edcf-568c-a939-c7f39b2de3ab,task_too_difficult,True,True,2025-07-05T00:28:00+00:00
4644e03c-4765-5f75-aa9d-4897c9148dfa,task_too_difficult,True,True,2025-07-05T19:43:00+00:00
d573edbb-cb6d-55ea-a5c4-2eaad7238228,task_too_difficult,True,True,2025-07-10T17:52:00+00:00
0b73666f-721f-5034-ba1c-720d9dbd1e60,interruption,True,True,2025-07-11T17:31:00+00:00
48346275-f530-5e1d-8e12-255a5a7a0731,task_too_difficult,True,True,2025-07-12T20:43:00+00:00
48346275-f530-5e1d-8e12-255a5a7a0731,interruption,False,True,2025-07-12T20:44:00+00:00
b9a402b8-3c5f-50f2-a854-38598bbc8ba4,schedule_overload,True,True,2025-07-14T16:02:00+00:00
a7017dda-57b2-5e17-aa03-5213ff4dd5e8,low_readiness,True,True,2025-07-15T11:48:00+00:00
a7017dda-57b2-5e17-aa03-5213ff4dd5e8,interruption,False,True,2025-07-15T11:49:00+00:00
a3277c19-9e6b-5b74-813c-101af56284e9,task_too_difficult,True,True,2025-07-15T20:55:00+00:00
dca090c7-0172-5cc2-9afa-0854307b4409,unclear_plan,True,True,2025-07-17T16:00:00+00:00
dca090c7-0172-5cc2-9afa-0854307b4409,interruption,False,True,2025-07-17T16:01:00+00:00
29cde60b-eade-5b4a-9891-93eab23b9705,schedule_overload,True,True,2025-07-19T03:23:00+00:00
fa63fd8d-f781-5e31-b143-5e26d4e16c19,interruption,True,True,2025-07-19T11:32:00+00:00
018ad00d-7fd9-53c6-808e-e36bfa7290e1,interruption,True,True,2025-07-20T00:46:00+00:00
85e2f84f-204a-565d-858a-25cb3b59c959,low_readiness,True,True,2025-07-21T14:20:00+00:00
53cd8ade-a644-5303-b104-098ffbc1632f,interruption,True,True,2025-07-22T08:31:00+00:00
0068de61-36c8-5060-a738-c74e3746123c,unclear_plan,True,True,2025-07-22T23:45:00+00:00
8d51f66a-fc23-5dd3-837c-9f255201f8da,low_readiness,True,True,2025-07-26T05:47:00+00:00
8d51f66a-fc23-5dd3-837c-9f255201f8da,interruption,False,True,2025-07-26T05:48:00+00:00
65a8d496-a5b9-57bc-a26a-3c78cbfd826f,interruption,True,True,2025-07-27T01:10:00+00:00
c78569a3-4a17-59d6-8bdb-e0cc468fb8b5,low_readiness,True,True,2025-07-29T08:46:00+00:00
ebac1f61-495f-5331-b90d-5920de669fe6,low_readiness,True,True,2025-07-29T18:33:00+00:00
ebac1f61-495f-5331-b90d-5920de669fe6,interruption,False,True,2025-07-29T18:34:00+00:00
4dda5e12-3526-5b85-b294-fd432b8050fe,unclear_plan,True,True,2025-08-01T00:11:00+00:00
ec871281-6e4b-5bf7-ac92-b4dcfac141f3,schedule_overload,True,True,2025-08-01T08:45:00+00:00
ec871281-6e4b-5bf7-ac92-b4dcfac141f3,interruption,False,True,2025-08-01T08:46:00+00:00
3849f5ed-5ebb-50ef-b9da-256300837c8c,schedule_overload,True,True,2025-08-02T18:25:00+00:00
0570ef4f-4707-5a14-9b00-0b39f082b058,schedule_overload,True,True,2025-08-03T04:38:00+00:00
0570ef4f-4707-5a14-9b00-0b39f082b058,interruption,False,True,2025-08-03T04:39:00+00:00
0d7c8d73-5691-57c8-a2f5-3a1f973b40bd,low_readiness,True,True,2025-08-03T14:18:00+00:00
0d7c8d73-5691-57c8-a2f5-3a1f973b40bd,interruption,False,True,2025-08-03T14:19:00+00:00
4fc828ae-5794-5dc2-a2ec-b76f8844f743,low_readiness,True,True,2025-08-03T23:48:00+00:00
4fc828ae-5794-5dc2-a2ec-b76f8844f743,interruption,False,True,2025-08-03T23:49:00+00:00
681fb1a6-7442-5d7a-b818-562b8451dc90,low_readiness,True,True,2025-08-05T04:14:00+00:00
681fb1a6-7442-5d7a-b818-562b8451dc90,interruption,False,True,2025-08-05T04:15:00+00:00
41004b77-c0e7-5f05-973b-f073b7952135,low_readiness,True,True,2025-08-06T03:57:00+00:00
41004b77-c0e7-5f05-973b-f073b7952135,interruption,False,True,2025-08-06T03:58:00+00:00
2aa3f6a1-a302-5987-b48e-ae85c6bbccb7,unexpected_event,True,True,2025-08-06T13:52:00+00:00
fe447f96-6a8e-59dc-92ed-e344f0afa9ac,low_readiness,True,True,2025-08-07T09:42:00+00:00
fe447f96-6a8e-59dc-92ed-e344f0afa9ac,interruption,False,True,2025-08-07T09:43:00+00:00
ee6f7f0d-ba63-5a76-8ad4-c2c396aa20ad,low_readiness,True,True,2025-08-08T12:45:00+00:00
89b2de5d-f352-5da0-9efa-012845ca1407,low_readiness,True,True,2025-08-10T07:32:00+00:00
59adc7bd-dd02-5bd4-81a4-57b1a621a001,task_too_difficult,True,True,2025-08-10T18:45:00+00:00
59adc7bd-dd02-5bd4-81a4-57b1a621a001,interruption,False,True,2025-08-10T18:46:00+00:00
6204066e-2007-5f2b-b354-1a369b5d5ba1,schedule_overload,True,True,2025-08-11T04:26:00+00:00
6204066e-2007-5f2b-b354-1a369b5d5ba1,interruption,False,True,2025-08-11T04:27:00+00:00
ca96ad77-c6fa-5509-89ae-d4702d8a0bc4,low_readiness,True,True,2025-08-11T19:50:00+00:00
ca96ad77-c6fa-5509-89ae-d4702d8a0bc4,interruption,False,True,2025-08-11T19:51:00+00:00
c844e4ea-5136-5474-8810-3a38a15840cc,task_too_difficult,True,True,2025-08-14T21:46:00+00:00
84df9e91-9bc3-5458-a0ac-247a6c59ea92,low_readiness,True,True,2025-08-15T07:51:00+00:00
84df9e91-9bc3-5458-a0ac-247a6c59ea92,interruption,False,True,2025-08-15T07:52:00+00:00
befbbd5a-1d5b-5d07-9bdf-cd8955a4304d,low_readiness,True,True,2025-08-15T22:29:00+00:00
1c0078bf-82f0-5ba7-905e-12f9e00cfa41,low_readiness,True,True,2025-08-16T06:52:00+00:00
31ce6aff-d4ca-51ce-a714-284ddfa3ef43,task_too_difficult,True,True,2025-08-16T18:16:00+00:00
394f9a73-2f18-5e68-b3f8-7e9426724584,schedule_overload,True,True,2025-08-17T22:32:00+00:00
394f9a73-2f18-5e68-b3f8-7e9426724584,interruption,False,True,2025-08-17T22:33:00+00:00
08ebe60e-8752-54f8-819a-72dad02ba11e,low_readiness,True,True,2025-08-20T22:10:00+00:00
08ebe60e-8752-54f8-819a-72dad02ba11e,interruption,False,True,2025-08-20T22:11:00+00:00
8836f94c-ac80-5920-85e1-df338087b4f8,low_readiness,True,True,2025-08-21T06:46:00+00:00
d75abc5e-3b68-5de5-8ac6-115acf20fb2a,interruption,True,True,2025-08-21T15:15:00+00:00
20c1ee0d-51bb-5adc-83d4-099d4e3d1685,task_too_difficult,True,True,2025-08-22T11:06:00+00:00
280349f2-3095-5d25-a493-9addca81e2f3,unexpected_event,True,True,2025-08-22T15:56:00+00:00
7b04d5bd-1a2e-5ec6-98db-933955f80552,schedule_overload,True,True,2025-08-24T06:17:00+00:00
be9ea59e-056e-534b-8e37-5f258dd37a9d,low_readiness,True,True,2025-08-25T18:54:00+00:00
dcf7423b-604b-5cf1-bee4-2b685785a88f,interruption,True,True,2025-08-28T01:28:00+00:00
da0272c7-0bf1-574f-b337-b17ef4a136ac,interruption,True,True,2025-08-28T08:35:00+00:00
ca98fadc-dae5-5bbd-b33f-fb8f60bd218c,schedule_overload,True,True,2025-08-29T02:12:00+00:00
3e375b51-14ae-5568-8384-befd1b64e11a,low_readiness,True,True,2025-08-29T14:03:00+00:00
29073f3d-b2a9-59d0-b646-04f73daa2e57,low_readiness,True,True,2025-08-30T16:28:00+00:00
79800440-3f84-52ac-890d-84e89d262a6e,interruption,True,True,2025-08-30T21:57:00+00:00
a6a510c1-6a9f-57ae-b4a6-2fcf37fc9205,schedule_overload,True,True,2025-09-01T00:38:00+00:00
a6a510c1-6a9f-57ae-b4a6-2fcf37fc9205,interruption,False,True,2025-09-01T00:39:00+00:00
9671e85b-c0f2-5c99-bcee-eb9950f6a663,underestimated_time,True,True,2025-09-01T17:43:00+00:00
0b9e7d08-a2dd-549a-b30e-fbaa9c6c3a7f,interruption,True,True,2025-09-02T13:17:00+00:00
3cea7a83-0e3a-5313-803d-cba2a2ec1974,low_readiness,True,True,2025-09-03T20:37:00+00:00
3cea7a83-0e3a-5313-803d-cba2a2ec1974,interruption,False,True,2025-09-03T20:38:00+00:00
722aa492-6508-5974-84c4-15bafcfef83d,underestimated_time,True,True,2025-09-04T02:25:00+00:00
722aa492-6508-5974-84c4-15bafcfef83d,interruption,False,True,2025-09-04T02:26:00+00:00
850bcd72-8025-5679-9765-83b1331a829c,interruption,True,True,2025-09-04T11:06:00+00:00
e44cbc71-1ad4-5e8d-9e4a-cc43f5227599,low_readiness,True,True,2025-09-05T13:52:00+00:00
e69b3c8c-846d-59dd-98e2-f75d8fcd900c,unclear_plan,True,True,2025-09-05T22:21:00+00:00
e69b3c8c-846d-59dd-98e2-f75d8fcd900c,interruption,False,True,2025-09-05T22:22:00+00:00
15a01f7a-ff36-544a-90e3-85122045173c,interruption,True,True,2025-09-07T14:41:00+00:00
faf9e809-cd55-5864-b10d-4b3054be72fa,schedule_overload,True,True,2025-09-08T05:46:00+00:00
e11dbd65-701d-5764-b6bf-2d5b549a806f,low_readiness,True,True,2025-09-09T07:10:00+00:00
e11dbd65-701d-5764-b6bf-2d5b549a806f,interruption,False,True,2025-09-09T07:11:00+00:00
2c79d0c7-430f-53f0-9f30-6d57d17f5971,schedule_overload,True,True,2025-09-10T01:26:00+00:00
af81ef4d-5c46-55f1-8505-64f949ebd30d,interruption,True,True,2025-09-10T10:33:00+00:00
78e58953-a4ee-59e4-bc2f-228f8e313211,low_readiness,True,True,2025-09-12T17:48:00+00:00
16166aed-383b-5fba-9785-bcaa5ef6dae9,low_readiness,True,True,2025-09-15T17:55:00+00:00
16166aed-383b-5fba-9785-bcaa5ef6dae9,interruption,False,True,2025-09-15T17:56:00+00:00
7fe890a8-b5a8-5d51-be76-3694c373595b,interruption,True,True,2025-09-16T02:20:00+00:00
967c157c-5eaf-5a37-a731-6436fd0d1775,interruption,True,True,2025-09-16T11:24:00+00:00
c3db04c3-7697-56a8-b52c-1153c71196b8,low_readiness,True,True,2025-09-17T04:28:00+00:00
433cf85e-35b0-51ec-809a-af39e9ea6024,task_too_difficult,True,True,2025-09-17T21:32:00+00:00
273bb2ec-4371-5305-8c08-1ac2c309eb9e,task_too_difficult,True,True,2025-09-18T07:58:00+00:00
2f40d771-7524-55f6-8629-bc221360acec,task_too_difficult,True,True,2025-09-19T11:03:00+00:00
dc55500d-1408-51c0-87ac-86594b49c19d,unclear_plan,True,True,2025-09-19T20:16:00+00:00
6609861d-14c5-57ab-89d2-ba5858845525,low_readiness,True,True,2025-09-20T03:21:00+00:00
6609861d-14c5-57ab-89d2-ba5858845525,interruption,False,True,2025-09-20T03:22:00+00:00
a5fc2c08-6c59-5ddf-bcee-b99772eb13bd,schedule_overload,True,True,2025-09-21T17:35:00+00:00
a814da23-b8b1-53c3-8368-a27e9998f509,interruption,True,True,2025-09-22T21:53:00+00:00
ffa3a5a7-feca-5e83-af1a-10e15ce7a236,low_readiness,True,True,2025-09-23T05:53:00+00:00
ffa3a5a7-feca-5e83-af1a-10e15ce7a236,interruption,False,True,2025-09-23T05:54:00+00:00
205bd26c-524c-5901-974d-ade081a89a2f,low_readiness,True,True,2025-09-24T09:38:00+00:00
7db4667e-251e-554f-acd4-72b59088b25a,low_readiness,True,True,2025-09-25T13:13:00+00:00
276c9566-9c0e-5198-8e19-b0d301e111e9,schedule_overload,True,True,2025-09-25T20:32:00+00:00
070f0392-cdfd-5f06-b829-c080a955b111,low_readiness,True,True,2025-09-27T06:16:00+00:00
070f0392-cdfd-5f06-b829-c080a955b111,interruption,False,True,2025-09-27T06:17:00+00:00
435697c7-1b68-578e-9ed2-364e5f3a07bb,schedule_overload,True,True,2025-09-27T20:23:00+00:00
59140ab9-6805-52c3-974a-a13ae44464a5,schedule_overload,True,True,2025-09-28T21:34:00+00:00
7d2d7618-82f5-5de7-94c6-47464ee4af87,interruption,True,True,2025-09-30T05:52:00+00:00
7226a2e9-41cb-5e99-97fc-af37298b0388,low_readiness,True,True,2025-09-30T16:40:00+00:00
7226a2e9-41cb-5e99-97fc-af37298b0388,interruption,False,True,2025-09-30T16:41:00+00:00
3904fbb2-12de-513a-b32d-7c6fb34916a7,unexpected_event,True,True,2025-10-04T02:16:00+00:00
3904fbb2-12de-513a-b32d-7c6fb34916a7,interruption,False,True,2025-10-04T02:17:00+00:00
acdb2590-90ef-5834-9022-a8ce200e680c,interruption,True,True,2025-10-04T11:27:00+00:00
b4eb440d-a441-59cf-b692-447f209808c8,underestimated_time,True,True,2025-10-05T06:15:00+00:00
18c4bdfc-94a7-57b9-a584-d55cd38fab1e,low_readiness,True,True,2025-10-05T22:53:00+00:00
18c4bdfc-94a7-57b9-a584-d55cd38fab1e,interruption,False,True,2025-10-05T22:54:00+00:00
bfc3b2cc-7c18-5966-a910-3b08e25c013d,low_readiness,True,True,2025-10-06T10:20:00+00:00
bfc3b2cc-7c18-5966-a910-3b08e25c013d,interruption,False,True,2025-10-06T10:21:00+00:00
bda0092d-e533-5d50-a48e-27c77d1d04bf,low_readiness,True,True,2025-10-06T14:54:00+00:00
79c22698-4f13-5843-a7f6-e692805ecdaa,interruption,True,True,2025-10-07T13:58:00+00:00
1b47eb67-9c40-590b-927b-a8db61c70278,other,True,True,2025-10-08T02:53:00+00:00
b34805f3-26b7-5b16-bffc-517cdf92d680,schedule_overload,True,True,2025-10-09T09:28:00+00:00
9927a631-7078-5717-8e6e-b30b7b04d77c,interruption,True,True,2025-10-10T12:53:00+00:00
16de00b9-0577-516f-a58e-7497c6418677,low_readiness,True,True,2025-10-11T08:31:00+00:00
16de00b9-0577-516f-a58e-7497c6418677,interruption,False,True,2025-10-11T08:32:00+00:00
f46ae394-e44a-58c9-8725-875b026f5aa7,interruption,True,True,2025-10-11T16:58:00+00:00
7ef1f75d-f497-5792-8a13-022ca6d893a5,unclear_plan,True,True,2025-10-13T01:35:00+00:00
7ef1f75d-f497-5792-8a13-022ca6d893a5,interruption,False,True,2025-10-13T01:36:00+00:00
67631dfa-da2a-5f02-a841-f731ac2d2d74,low_readiness,True,True,2025-10-14T06:16:00+00:00
4a212a26-ccd7-5eab-abed-fe39ae9cbe95,unclear_plan,True,True,2025-10-15T08:59:00+00:00
cb99114f-502f-50d5-8d96-b1379258f941,low_readiness,True,True,2025-10-15T15:15:00+00:00
cb99114f-502f-50d5-8d96-b1379258f941,interruption,False,True,2025-10-15T15:16:00+00:00
6ac7c21c-e2f1-5899-b0c4-a0c3ccd960e2,low_readiness,True,True,2025-10-17T07:54:00+00:00
6ac7c21c-e2f1-5899-b0c4-a0c3ccd960e2,interruption,False,True,2025-10-17T07:55:00+00:00
05a1ac6c-78a8-56c6-b058-496780c5c73c,low_readiness,True,True,2025-10-18T01:20:00+00:00
0a01891d-f4e0-5228-ac6f-0f572b5c535f,low_readiness,True,True,2025-10-18T08:29:00+00:00
87dd58ed-ba3a-54d6-bafb-297b52b789c8,interruption,True,True,2025-10-19T22:12:00+00:00
2c48fd94-2e5d-52b9-9475-141c5923980b,task_too_difficult,True,True,2025-10-20T23:02:00+00:00
2c48fd94-2e5d-52b9-9475-141c5923980b,interruption,False,True,2025-10-20T23:03:00+00:00
a445fd3d-2c18-5c84-ad2c-71dc9f9a8a5e,low_readiness,True,True,2025-10-21T06:57:00+00:00
a445fd3d-2c18-5c84-ad2c-71dc9f9a8a5e,interruption,False,True,2025-10-21T06:58:00+00:00
2897ed39-5092-5656-bfdc-5fdda711e2c7,low_readiness,True,True,2025-10-22T09:34:00+00:00
1ab5848c-93d9-50d3-93c1-e09149475f2b,low_readiness,True,True,2025-10-22T20:56:00+00:00
1ab5848c-93d9-50d3-93c1-e09149475f2b,interruption,False,True,2025-10-22T20:57:00+00:00
c868c79b-24b0-5e64-85d5-4298cc280d82,low_readiness,True,True,2025-10-23T14:41:00+00:00
0bb57b44-cdfb-50fb-8e60-df7511c5a6fe,schedule_overload,True,True,2025-10-23T21:20:00+00:00
617737f4-eaa5-57c8-8f7a-6fa21779f73e,low_readiness,True,True,2025-10-25T01:00:00+00:00
617737f4-eaa5-57c8-8f7a-6fa21779f73e,interruption,False,True,2025-10-25T01:01:00+00:00
27ae0318-2607-531c-b728-f47ac54cd092,low_readiness,True,True,2025-10-25T13:36:00+00:00
b1121bef-21b4-56fb-8d97-063fbee126fb,low_readiness,True,True,2025-10-26T13:31:00+00:00
b1121bef-21b4-56fb-8d97-063fbee126fb,interruption,False,True,2025-10-26T13:32:00+00:00
545e0650-6da1-558b-b248-7d0b5853935a,low_readiness,True,True,2025-10-27T07:45:00+00:00
2f76116e-a316-54dd-ae14-89f128dc1bf2,interruption,True,True,2025-10-28T01:23:00+00:00
